-- ============================================================
-- Retail Sales Analytics — Azure SQL Database
-- Schema + Seed Data
-- Compatible: Azure SQL Database / SQL Server / PostgreSQL
-- ============================================================

-- -------------------------------------------------------
-- DIMENSION: REGIONS
-- -------------------------------------------------------
CREATE TABLE regions (
    region_id   INT PRIMARY KEY,
    region_name VARCHAR(50),
    country     VARCHAR(50)
);

INSERT INTO regions VALUES
(1, 'Pacific Northwest', 'USA'),
(2, 'West Coast',        'USA'),
(3, 'Mountain',          'USA'),
(4, 'Midwest',           'USA'),
(5, 'Northeast',         'USA'),
(6, 'Southeast',         'USA');

-- -------------------------------------------------------
-- DIMENSION: PRODUCT CATEGORIES
-- -------------------------------------------------------
CREATE TABLE categories (
    category_id   INT PRIMARY KEY,
    category_name VARCHAR(50),
    department    VARCHAR(50)
);

INSERT INTO categories VALUES
(1,  'Laptops',          'Electronics'),
(2,  'Smartphones',      'Electronics'),
(3,  'Tablets',          'Electronics'),
(4,  'Accessories',      'Electronics'),
(5,  'Mens Apparel',     'Clothing'),
(6,  'Womens Apparel',   'Clothing'),
(7,  'Footwear',         'Clothing'),
(8,  'Home & Kitchen',   'Home'),
(9,  'Furniture',        'Home'),
(10, 'Sports & Outdoor', 'Sports');

-- -------------------------------------------------------
-- DIMENSION: PRODUCTS
-- -------------------------------------------------------
CREATE TABLE products (
    product_id    INT PRIMARY KEY,
    product_name  VARCHAR(100),
    category_id   INT,
    unit_cost     DECIMAL(10,2),
    unit_price    DECIMAL(10,2),
    is_active     BIT DEFAULT 1
);

INSERT INTO products VALUES
(101, 'ProBook Laptop 15"',       1,  620.00, 1099.99, 1),
(102, 'UltraSlim Laptop 13"',     1,  480.00,  849.99, 1),
(103, 'Galaxy Pro Smartphone',    2,  310.00,  699.99, 1),
(104, 'iPhone SE Plus',           2,  390.00,  799.99, 1),
(105, 'StreamTab 10"',            3,  180.00,  399.99, 1),
(106, 'Wireless Earbuds Pro',     4,   45.00,  129.99, 1),
(107, 'USB-C Hub 7-in-1',         4,   18.00,   59.99, 1),
(108, 'Slim Fit Chinos',          5,   22.00,   64.99, 1),
(109, 'Classic Hoodie',           5,   18.00,   54.99, 1),
(110, 'Floral Wrap Dress',        6,   20.00,   69.99, 1),
(111, 'Running Shoes X1',         7,   55.00,  129.99, 1),
(112, 'Casual Sneakers',          7,   38.00,   89.99, 1),
(113, 'Air Fryer 5Qt',            8,   42.00,  109.99, 1),
(114, 'Coffee Maker Pro',         8,   38.00,   89.99, 1),
(115, 'Ergonomic Office Chair',   9,  145.00,  349.99, 1),
(116, 'Standing Desk 55"',        9,  210.00,  479.99, 1),
(117, 'Yoga Mat Premium',        10,   14.00,   39.99, 1),
(118, 'Resistance Band Set',     10,    8.00,   24.99, 1);

-- -------------------------------------------------------
-- DIMENSION: CUSTOMERS
-- -------------------------------------------------------
CREATE TABLE customers (
    customer_id     INT PRIMARY KEY,
    first_name      VARCHAR(50),
    last_name       VARCHAR(50),
    email           VARCHAR(100),
    region_id       INT,
    customer_since  DATE,
    segment         VARCHAR(20)  -- Premium, Regular, New
);

INSERT INTO customers VALUES
(1001,'Alex',   'Kim',      'alex.k@email.com',    1, '2021-03-10', 'Premium'),
(1002,'Sam',    'Patel',    'sam.p@email.com',     2, '2022-07-15', 'Regular'),
(1003,'Jordan', 'Torres',   'jordan.t@email.com',  1, '2023-01-20', 'Regular'),
(1004,'Casey',  'Nguyen',   'casey.n@email.com',   3, '2020-11-05', 'Premium'),
(1005,'Morgan', 'Lee',      'morgan.l@email.com',  4, '2023-06-12', 'New'),
(1006,'Riley',  'Chen',     'riley.c@email.com',   2, '2021-09-28', 'Premium'),
(1007,'Drew',   'Williams', 'drew.w@email.com',    5, '2022-04-03', 'Regular'),
(1008,'Jamie',  'Brown',    'jamie.b@email.com',   6, '2023-08-19', 'New'),
(1009,'Taylor', 'Johnson',  'taylor.j@email.com',  1, '2020-06-25', 'Premium'),
(1010,'Avery',  'Martinez', 'avery.m@email.com',   3, '2022-12-07', 'Regular'),
(1011,'Quinn',  'Davis',    'quinn.d@email.com',   4, '2021-05-14', 'Regular'),
(1012,'Sage',   'Wilson',   'sage.w@email.com',    5, '2023-03-30', 'New'),
(1013,'Blake',  'Anderson', 'blake.a@email.com',   6, '2020-10-18', 'Premium'),
(1014,'Peyton', 'Thomas',   'peyton.t@email.com',  2, '2022-08-22', 'Regular'),
(1015,'Reese',  'Jackson',  'reese.j@email.com',   1, '2021-01-11', 'Premium');

-- -------------------------------------------------------
-- FACT: ORDERS
-- -------------------------------------------------------
CREATE TABLE orders (
    order_id        INT PRIMARY KEY,
    customer_id     INT,
    order_date      DATE,
    ship_date       DATE,
    region_id       INT,
    channel         VARCHAR(20),  -- Online, In-Store, Mobile App
    status          VARCHAR(20),  -- Completed, Returned, Pending
    discount_pct    DECIMAL(4,2)
);

INSERT INTO orders VALUES
(5001,1001,'2024-01-05','2024-01-08',1,'Online',    'Completed',0.00),
(5002,1002,'2024-01-07','2024-01-10',2,'Mobile App','Completed',0.05),
(5003,1003,'2024-01-12','2024-01-15',1,'Online',    'Completed',0.00),
(5004,1004,'2024-01-15','2024-01-18',3,'In-Store',  'Completed',0.10),
(5005,1005,'2024-01-20','2024-01-24',4,'Online',    'Returned', 0.00),
(5006,1006,'2024-01-22','2024-01-25',2,'Online',    'Completed',0.05),
(5007,1007,'2024-02-01','2024-02-04',5,'Mobile App','Completed',0.00),
(5008,1008,'2024-02-05','2024-02-09',6,'Online',    'Completed',0.00),
(5009,1009,'2024-02-10','2024-02-13',1,'In-Store',  'Completed',0.15),
(5010,1010,'2024-02-14','2024-02-17',3,'Online',    'Completed',0.00),
(5011,1001,'2024-02-18','2024-02-21',1,'Online',    'Completed',0.05),
(5012,1011,'2024-02-22','2024-02-26',4,'Mobile App','Completed',0.00),
(5013,1012,'2024-03-01','2024-03-04',5,'Online',    'Returned', 0.00),
(5014,1013,'2024-03-05','2024-03-08',6,'In-Store',  'Completed',0.10),
(5015,1006,'2024-03-10','2024-03-13',2,'Online',    'Completed',0.00),
(5016,1014,'2024-03-15','2024-03-19',2,'Online',    'Completed',0.05),
(5017,1015,'2024-03-20','2024-03-23',1,'Mobile App','Completed',0.00),
(5018,1003,'2024-03-25','2024-03-28',1,'Online',    'Completed',0.00),
(5019,1004,'2024-04-02','2024-04-05',3,'In-Store',  'Completed',0.10),
(5020,1009,'2024-04-08','2024-04-11',1,'Online',    'Completed',0.05),
(5021,1002,'2024-04-12','2024-04-16',2,'Online',    'Completed',0.00),
(5022,1007,'2024-04-18','2024-04-22',5,'Mobile App','Completed',0.00),
(5023,1013,'2024-04-25','2024-04-28',6,'In-Store',  'Returned', 0.00),
(5024,1001,'2024-05-03','2024-05-07',1,'Online',    'Completed',0.00),
(5025,1010,'2024-05-09','2024-05-12',3,'Online',    'Completed',0.05),
(5026,1015,'2024-05-15','2024-05-18',1,'Online',    'Completed',0.00),
(5027,1006,'2024-05-20','2024-05-23',2,'Mobile App','Completed',0.10),
(5028,1011,'2024-05-25','2024-05-28',4,'Online',    'Completed',0.00),
(5029,1004,'2024-06-02','2024-06-05',3,'In-Store',  'Completed',0.05),
(5030,1009,'2024-06-08','2024-06-11',1,'Online',    'Completed',0.00),
(5031,1014,'2024-06-14','2024-06-17',2,'Online',    'Completed',0.00),
(5032,1003,'2024-06-20','2024-06-23',1,'Mobile App','Completed',0.05),
(5033,1013,'2024-07-01','2024-07-04',6,'In-Store',  'Completed',0.10),
(5034,1001,'2024-07-06','2024-07-09',1,'Online',    'Completed',0.00),
(5035,1005,'2024-07-12','2024-07-16',4,'Online',    'Returned', 0.00),
(5036,1007,'2024-07-18','2024-07-21',5,'Mobile App','Completed',0.00),
(5037,1015,'2024-07-24','2024-07-27',1,'Online',    'Completed',0.05),
(5038,1002,'2024-08-02','2024-08-05',2,'Online',    'Completed',0.00),
(5039,1010,'2024-08-08','2024-08-11',3,'Online',    'Completed',0.00),
(5040,1006,'2024-08-14','2024-08-17',2,'In-Store',  'Completed',0.10);

-- -------------------------------------------------------
-- FACT: ORDER LINE ITEMS
-- -------------------------------------------------------
CREATE TABLE order_items (
    item_id     INT PRIMARY KEY,
    order_id    INT,
    product_id  INT,
    quantity    INT,
    unit_price  DECIMAL(10,2),
    unit_cost   DECIMAL(10,2),
    discount    DECIMAL(4,2)
);

INSERT INTO order_items VALUES
(9001,5001,101,1,1099.99,620.00,0.00),
(9002,5001,106,1, 129.99, 45.00,0.00),
(9003,5002,103,1, 699.99,310.00,0.05),
(9004,5002,107,2,  59.99, 18.00,0.05),
(9005,5003,110,2,  69.99, 20.00,0.00),
(9006,5003,112,1,  89.99, 38.00,0.00),
(9007,5004,115,1, 349.99,145.00,0.10),
(9008,5005,104,1, 799.99,390.00,0.00),
(9009,5006,102,1, 849.99,480.00,0.05),
(9010,5006,107,1,  59.99, 18.00,0.05),
(9011,5007,113,1, 109.99, 42.00,0.00),
(9012,5007,117,2,  39.99, 14.00,0.00),
(9013,5008,111,1, 129.99, 55.00,0.00),
(9014,5008,108,2,  64.99, 22.00,0.00),
(9015,5009,116,1, 479.99,210.00,0.15),
(9016,5010,105,1, 399.99,180.00,0.00),
(9017,5010,106,2, 129.99, 45.00,0.00),
(9018,5011,114,1,  89.99, 38.00,0.05),
(9019,5011,118,3,  24.99,  8.00,0.05),
(9020,5012,103,1, 699.99,310.00,0.00),
(9021,5013,109,2,  54.99, 18.00,0.00),
(9022,5014,115,1, 349.99,145.00,0.10),
(9023,5014,117,1,  39.99, 14.00,0.10),
(9024,5015,101,1,1099.99,620.00,0.00),
(9025,5016,104,1, 799.99,390.00,0.05),
(9026,5017,102,1, 849.99,480.00,0.00),
(9027,5017,107,2,  59.99, 18.00,0.00),
(9028,5018,110,1,  69.99, 20.00,0.00),
(9029,5018,112,1,  89.99, 38.00,0.00),
(9030,5019,116,1, 479.99,210.00,0.10),
(9031,5020,106,2, 129.99, 45.00,0.05),
(9032,5020,113,1, 109.99, 42.00,0.05),
(9033,5021,111,1, 129.99, 55.00,0.00),
(9034,5022,117,2,  39.99, 14.00,0.00),
(9035,5022,118,2,  24.99,  8.00,0.00),
(9036,5023,115,1, 349.99,145.00,0.00),
(9037,5024,103,1, 699.99,310.00,0.00),
(9038,5025,105,1, 399.99,180.00,0.05),
(9039,5026,101,1,1099.99,620.00,0.00),
(9040,5027,114,1,  89.99, 38.00,0.10),
(9041,5028,108,2,  64.99, 22.00,0.00),
(9042,5028,109,1,  54.99, 18.00,0.00),
(9043,5029,116,1, 479.99,210.00,0.05),
(9044,5030,106,2, 129.99, 45.00,0.00),
(9045,5031,104,1, 799.99,390.00,0.00),
(9046,5032,110,2,  69.99, 20.00,0.05),
(9047,5033,115,1, 349.99,145.00,0.10),
(9048,5034,102,1, 849.99,480.00,0.00),
(9049,5035,103,1, 699.99,310.00,0.00),
(9050,5036,113,1, 109.99, 42.00,0.00),
(9051,5037,101,1,1099.99,620.00,0.05),
(9052,5038,111,1, 129.99, 55.00,0.00),
(9053,5039,117,2,  39.99, 14.00,0.00),
(9054,5040,116,1, 479.99,210.00,0.10);
